date,spot_price,futures_price,basis,funding_rate,open_interest,cvd
2025-03-25 12:00,87916.6,87928.2,0.013194,-5.3e-05,6928406.0,0.025316
2025-03-27 14:00,87198.0,87208.1,0.011583,1.3e-05,6494750.0,-1.12462
2025-03-30 10:00,84340.0,84333.0,-0.0083,4e-05,6450000.0,0.081
2025-03-31 14:00:00,83755.1,83746.2,-0.0106262185825206,6.05746768976e-05,6449790.0,-1.0894319800000003
2025-03-31 15:00:00,83607.0,83610.0,0.0035882162976784,6.25270968316e-05,6471761.0,0.13235256
2025-03-31 16:00:00,83314.2,83313.9,-0.0003600826749856,5.0099949199e-05,6457607.0,1.16400896
2025-03-31 17:00:00,83370.6,83363.9,-0.0080364061191974,5.62428023987e-05,6447019.0,-0.11992033
2025-03-31 18:00:00,83340.0,83340.0,0.0,5.63051688558e-05,6461713.0,0.33298141
2025-03-31 19:00:00,83177.2,83174.4,-0.0033663071130104,6.29409969315e-05,6468888.0,0.23117717
2025-03-31 20:00:00,82746.9,82720.0,-0.032508770721313,6.37964805225e-05,6479313.0,-0.13737714
2025-03-31 21:00:00,82589.8,82575.6,-0.0171934064497033,6.92957906964e-05,6480334.0,0.49578521
2025-03-31 22:00:00,82306.8,82290.0,-0.0204114362361346,7.83635167862e-05,6498538.0,-0.07186038
2025-03-31 23:00:00,82345.4,82320.0,-0.0308456817259909,7.68427345586e-05,6491794.0,1.02055878
2025-04-01 03:00:00,83048.8,83050.0,0.0014449335812162,0.0001107227905996,6494358.0,-0.1656335199999999
2025-04-01 04:00:00,83190.6,83184.0,-0.0079335886506478,0.0001107128437544,6495620.0,-0.45773995
2025-04-01 05:00:00,83159.3,83153.7,-0.0067340634180492,0.0001140976438476,6495192.0,-0.28121702
2025-04-01 06:00:00,83436.8,83429.4,-0.0088689882641816,0.0001083872683066,6491780.0,-0.46794973
2025-04-01 07:00:00,83450.0,83452.0,0.0023966446974236,0.0001073702968913,6477552.0,-0.06227916
2025-04-01 08:00:00,84099.3,84106.0,0.0079667726128482,0.0001060034267044,6424091.0,-2.0440321100000003
2025-04-01 09:00:00,84245.8,84240.0,-0.00688461620639,9.51494435808e-05,6406575.0,-1.2487865
2025-04-01 10:00:00,84356.1,84358.0,0.002252356379674,8.03910212232e-05,6385811.0,-3.39050316
2025-04-01 11:00:00,84032.0,84034.1,0.0024990479817281,7.17095201222e-05,6363593.0,-0.4198529099999999
2025-04-01 13:00:00,83500.0,83500.0,0.0,7.0952872627e-05,6314479.0,1.10883471
2025-04-01 14:00:00,83413.5,83411.5,-0.0023976934189309,7.3949903427e-05,6272613.0,-0.00900987
2025-04-01 15:00:00,85208.7,85195.5,-0.0154913758806284,7.19441205935e-05,6279481.0,-0.7217360399999999
2025-04-01 16:00:00,85108.0,85097.3,-0.0125722611270351,5.07996794891e-05,6209206.0,-0.75450766
2025-04-01 17:00:00,85214.6,85203.1,-0.0134953400004224,4.51205111998e-05,6195329.0,0.78314833
2025-04-01 18:00:00,85066.5,85060.0,-0.0076410808014905,3.31267898349e-05,6160843.0,0.1792054199999999
2025-04-01 19:00:00,85012.0,84997.6,-0.0169387851126831,2.35272792072e-05,6154924.0,0.36015254
2025-04-01 20:00:00,85014.1,85017.6,0.0041169641271271,3.2821786058e-06,6161422.0,-0.37364751
2025-04-01 21:00:00,85173.4,85176.0,0.003052596233103,-1.5684131743e-06,6149520.0,-0.25477767
2025-04-01 22:00:00,85320.8,85311.5,-0.0109000384431497,-1.68614913004e-05,6145374.0,0.35292068
2025-04-01 23:00:00,85425.1,85441.3,0.0189639813122806,-1.43586049518e-05,6125109.0,-0.9733034900000002
2025-04-02 03:00:00,84855.0,84861.5,0.0076601260974603,1.34331576761e-05,6137616.0,0.56817406
2025-04-02 04:00:00,84498.1,84500.3,0.0026036088385384,2.22917509488e-05,6139409.0,-0.2974405
2025-04-02 05:00:00,84253.2,84260.0,0.0080709100663273,1.71845233897e-05,6117214.0,-0.1204049999999999
2025-04-02 06:00:00,84208.7,84211.3,0.0030875669616153,1.64143813648e-05,6133252.0,-0.99068938
2025-04-02 07:00:00,84118.0,84127.7,0.011531420147884,1.7241757711e-05,6127734.0,-0.17518916
2025-04-02 08:00:00,84644.0,84650.0,0.0070885118850715,2.36472108638e-05,6089144.0,0.3465587799999999
2025-04-02 09:00:00,85028.6,85040.0,0.0134072535593837,2.15356157905e-05,6118871.0,0.06978171
2025-04-02 10:00:00,84948.3,84959.5,0.0131844898602998,1.85819298995e-05,6133411.0,0.3996741299999999
2025-04-02 11:00:00,84888.0,84892.1,0.0048298935067451,2.07604531659e-05,6120053.0,-0.12728375
2025-04-02 13:00:00,84990.0,84993.9,0.0045887751500108,1.63598606368e-05,6113163.0,-0.09700481
2025-04-02 14:00:00,85670.1,85670.0,-0.0001167268393591,1.54157029007e-05,6226480.0,1.03436218
2025-04-02 15:00:00,87052.7,87075.0,0.0256166666858155,1.08173950856e-05,6245326.0,0.28925575
2025-04-02 16:00:00,87040.1,87070.0,0.034351982591925,-1.19456399488e-05,6173492.0,1.49101942
2025-04-02 17:00:00,86588.8,86595.9,0.0081996747847195,-1.52759068076e-05,6161607.0,-1.22457789
2025-04-02 18:00:00,86593.7,86607.0,0.0153590850142711,-4.7748880893e-06,6141198.0,0.3393293899999999
2025-04-02 19:00:00,86341.7,86352.0,0.0119293458433212,-1.4778497534e-06,6126931.0,-1.18396619
2025-04-02 20:00:00,85838.0,85830.0,-0.0093198816375032,8.1651927126e-06,6219526.0,0.1532090099999998
2025-04-02 21:00:00,84657.2,84640.0,-0.0203172323204607,2.29193178103e-05,6261322.0,-0.3912168
2025-04-02 22:00:00,83155.9,83139.9,-0.0192409678687862,4.18202506709e-05,6240766.0,0.40535544
2025-04-02 23:00:00,82774.1,82744.0,-0.0363640317442362,6.25853581846e-05,6235662.0,0.2754393599999999
2025-04-03 03:00:00,83549.1,83545.1,-0.0047876039358891,9.34503636809e-05,6185806.0,0.7049048699999999
2025-04-03 04:00:00,83622.8,83627.1,0.0051421382685139,9.24840413516e-05,6189508.0,0.92466571
2025-04-03 05:00:00,83344.2,83345.2,0.0011998435404023,8.17395357971e-05,6205378.0,0.68116848
2025-04-03 06:00:00,83274.1,83272.1,-0.0024017071334304,6.65489487553e-05,6223844.0,-0.36108888
2025-04-03 07:00:00,83327.0,83330.0,0.0036002736207951,4.96603347015e-05,6230394.0,-0.35637429
2025-04-03 08:00:00,83606.3,83609.7,0.0040666791856524,5.02116638733e-05,6194949.0,0.25102446
2025-04-03 09:00:00,83729.9,83725.0,-0.0058521507848381,4.70641574345e-05,6198283.0,-0.1987518099999999
2025-04-03 10:00:00,83189.6,83175.0,-0.0175502707069222,4.68294572931e-05,6258006.0,-0.5033081899999999
2025-04-03 11:00:00,83174.8,83164.0,-0.0129847020972733,4.65068580099e-05,6240801.0,0.23605015
2025-04-03 13:00:00,82696.0,82676.1,-0.0240640417916152,7.11764451144e-05,6282847.0,0.14584366
2025-04-03 14:00:00,81920.0,81904.0,-0.01953125,8.82166230948e-05,6304594.0,0.26785229
2025-04-03 15:00:00,81794.1,81750.0,-0.0539158692375193,0.0001007664693197,6364893.0,0.95449931
2025-04-03 16:00:00,81890.7,81875.0,-0.0191718961982216,0.0001282367258876,6314174.0,0.0461691799999999
2025-04-03 17:00:00,81696.0,81681.1,-0.0182383470426877,0.0001495499916885,6311940.0,0.14216264
2025-04-03 18:00:00,82074.2,82047.6,-0.0324096975663378,0.0001802679415807,6273657.0,0.88934642
2025-04-03 19:00:00,82014.4,81982.8,-0.0385298191536989,0.0001979936195393,6257256.0,0.1310916899999999
2025-04-03 20:00:00,81859.9,81823.6,-0.0443440561251459,0.0002128248647517,6249518.0,-0.06113193
2025-04-03 21:00:00,82538.0,82514.6,-0.0283505779156196,0.0002099127934201,6238093.0,0.0567118999999999
2025-04-03 22:00:00,82759.0,82733.9,-0.0303290276586302,0.0001926216761486,6214059.0,-0.00067011
2025-04-03 23:00:00,82833.5,82794.0,-0.0476860207524733,0.0001702965865493,6216059.0,-1.11187141
2025-04-04 03:00:00,82814.1,82790.0,-0.0291013245329066,0.0001040638714196,6157136.0,1.20981666
2025-04-04 04:00:00,82861.9,82825.1,-0.0444112432855007,7.30889594109e-05,6154866.0,-0.645812
2025-04-04 05:00:00,83200.0,83172.0,-0.0336538461538461,6.80183351807e-05,6152621.0,-0.30296032
2025-04-04 06:00:00,83057.6,83034.5,-0.0278120244264291,6.29338798133e-05,6124918.0,-0.03211883
2025-04-04 07:00:00,83621.0,83620.0,-0.0011958718503725,6.51401104798e-05,6118890.0,-0.5598591199999999
2025-04-04 08:00:00,84533.1,84530.1,-0.0035489056949289,5.88065109653e-05,6140512.0,-1.86384328
2025-04-04 09:00:00,84383.8,84367.9,-0.0188424792436566,5.67414401026e-05,6127065.0,0.5192243400000001
2025-04-04 10:00:00,83106.0,83103.9,-0.0025268933651069,6.43249563185e-05,6099301.0,-0.30493533
2025-04-04 11:00:00,81895.0,81882.1,-0.0157518774039858,7.32303490875e-05,6118941.0,-0.1424148999999999
2025-04-04 13:00:00,83011.4,82995.9,-0.0186721341887981,0.0001065426592615,6177955.0,-0.19012398
2025-04-04 14:00:00,82520.0,82475.0,-0.0545322346097915,0.000144990438199,6164611.0,0.25794175
2025-04-04 15:00:00,82746.0,82725.0,-0.0253788702777173,0.0001616654443359,6175206.0,0.37945592
2025-04-04 16:00:00,83170.0,83138.0,-0.038475411807142,0.0001711922884488,6236248.0,-0.8978665499999999
2025-04-04 17:00:00,83400.0,83389.9,-0.0121103117506065,0.0001783486465753,6254448.0,-0.1787089
2025-04-04 18:00:00,83898.0,83862.3,-0.0425516698848567,0.0001652068788394,6448168.0,0.2922088899999999
2025-04-04 19:00:00,84228.0,84189.0,-0.0463028921498789,0.0001580655571561,6385300.0,-0.5436749900000001
2025-04-04 20:00:00,83900.0,83864.0,-0.0429082240762812,0.0001353428112675,6378880.0,-0.18563548
2025-04-04 21:00:00,84135.1,84099.7,-0.0420751862183663,0.0001128448786685,6378601.0,0.20552408
2025-04-04 22:00:00,84105.6,84074.0,-0.03757181448085,8.6450247654e-05,6379950.0,-0.1085810899999999
2025-04-04 23:00:00,83737.8,83706.0,-0.0379756812335682,6.80578114809e-05,6374994.0,1.01677003
2025-04-05 03:00:00,83850.1,83824.0,-0.0311269754001555,4.26428759551e-05,6365488.0,-0.0044454899999999
2025-04-05 04:00:00,83802.0,83771.9,-0.035917997183845,3.79347961646e-05,6373811.0,-0.0553286699999999
2025-04-05 05:00:00,83788.5,83773.9,-0.0174248256025657,4.50872901203e-05,6384507.0,-0.8177911200000001
2025-04-05 06:00:00,83400.0,83373.6,-0.0316546762589858,4.20032342349e-05,6384754.0,0.06526021
2025-04-05 07:00:00,83446.1,83413.5,-0.0390671343537994,4.62251857846e-05,6376682.0,0.03506955
2025-04-05 08:00:00,83535.9,83499.9,-0.0430952440806886,3.57903443278e-05,6383478.0,1.56858929
2025-04-05 09:00:00,83727.2,83706.7,-0.024484277510773,3.04240123238e-05,6376805.0,-0.0559049299999999
2025-04-05 10:00:00,83660.0,83638.0,-0.0262969160889313,4.94503802331e-05,6384080.0,-0.09615633
2025-04-05 11:00:00,83684.6,83650.0,-0.0413457195230733,5.34202698002e-05,6377776.0,-0.67312634
2025-04-05 13:00:00,83316.2,83284.0,-0.0386479460176977,5.33160218156e-05,6355812.0,0.28806928
2025-04-05 14:00:00,82847.2,82821.6,-0.030900259755298,5.88997983075e-05,6406361.0,1.08681804
2025-04-05 15:00:00,82664.0,82630.4,-0.0406464724668608,7.34298666351e-05,6427651.0,0.37987132
2025-04-05 16:00:00,82831.8,82802.3,-0.0356143413519928,9.43617651573e-05,6426521.0,0.0170937099999999
2025-04-05 17:00:00,82916.5,82890.8,-0.0309950371759506,9.09552545767e-05,6427030.0,0.0565730699999999
2025-04-05 18:00:00,82923.0,82888.3,-0.04184604994995,8.49399128993e-05,6424833.0,0.10463514
2025-04-05 19:00:00,83037.9,83002.2,-0.0429924167157371,8.33774273958e-05,6419797.0,-0.13136251
2025-04-05 20:00:00,83055.1,83019.9,-0.0423815033634438,9.18474551106e-05,6422803.0,-0.08903947
2025-04-05 21:00:00,83139.6,83108.8,-0.0370461248310106,9.79061967621e-05,6420606.0,0.25322043
2025-04-05 22:00:00,83021.2,82988.0,-0.0399897857414697,8.6458694251e-05,6423192.0,0.0348905199999999
2025-04-05 23:00:00,83178.2,83143.8,-0.0413569901728988,7.50972027702e-05,6422319.0,-1.14237652
2025-04-06 03:00:00,83299.2,83278.6,-0.0247301294610167,3.62115130744e-05,6410509.0,0.1194598799999999
2025-04-06 04:00:00,83435.5,83408.8,-0.0320007670595814,4.28518596974e-05,6419165.0,-0.0407176699999999
2025-04-06 05:00:00,83505.9,83483.2,-0.0271837079775166,4.81804922679e-05,6418712.0,-0.36856711
2025-04-06 06:00:00,83191.1,83167.8,-0.0280078037193917,5.39927582e-05,6398770.0,-0.46028464
2025-04-06 07:00:00,83084.1,83058.3,-0.0310528729323696,5.0564705739e-05,6396024.0,-1.37873951
2025-04-06 08:00:00,82916.0,82885.9,-0.0363017994114595,3.52145304467e-05,6356880.0,-0.0427218299999999
2025-04-06 09:00:00,83081.2,83054.0,-0.0327390552856688,4.42104497212e-05,6363520.0,-1.4097273300000002
2025-04-06 10:00:00,82780.5,82744.5,-0.0434885027270915,6.84129437997e-05,6373752.0,2.08704033
2025-04-06 11:00:00,82731.9,82693.5,-0.0464149862386747,6.93538680999e-05,6359099.0,-0.14424568
2025-04-06 13:00:00,82676.6,82630.3,-0.0560013353234203,5.745043441e-05,6356696.0,-0.9984127
2025-04-06 14:00:00,82406.1,82361.7,-0.0538795064928551,3.30650766533e-05,6357787.0,-0.16876382
2025-04-06 15:00:00,82455.6,82418.9,-0.0445088023130165,3.03112170887e-05,6357185.0,0.96364137
2025-04-06 21:00:00,82340.0,82312.0,-0.0340053436968666,2.81082284467e-05,6396126.0,0.21151354
2025-04-06 22:00:00,81564.1,81533.1,-0.0380069172589411,6.0096087305e-06,6396954.0,-0.2673123899999999
2025-04-06 23:00:00,79493.2,79438.1,-0.0693141048542407,-1.42530719795e-05,6435483.0,-0.3961590700000001
2025-04-07 00:00:00,79718.3,79675.0,-0.0543162611345235,-1.99943232671e-05,6444623.0,-0.1499853799999999
2025-04-07 01:00:00,79360.4,79325.0,-0.0446066300068978,-3.7931583443e-05,6473827.0,-0.06246697
2025-04-07 02:00:00,79229.8,79183.9,-0.0579327475268254,-2.28883390186e-05,6489923.0,-0.7248186400000001
2025-04-07 03:00:00,78921.9,78871.7,-0.0636071863449778,-2.8888678078e-06,6496479.0,-1.01868738
2025-04-07 04:00:00,77537.4,77470.0,-0.0869257932300982,2.13481068115e-05,6557131.0,-0.4423690699999999
2025-04-07 08:00:00,78068.1,78024.9,-0.0553363025358778,4.03943547636e-05,6715671.0,0.49534975
2025-04-07 09:00:00,76690.4,76632.0,-0.0761503395470543,5.31009226184e-05,6756186.0,-1.78862164
2025-04-07 10:00:00,77098.1,77040.5,-0.0747100123090008,5.46027246946e-05,6837827.0,0.2360443099999999
2025-04-07 11:00:00,75203.0,75125.8,-0.1026554791697101,5.92280535595e-05,6825328.0,1.09287961
2025-04-07 12:00:00,74960.0,74865.0,-0.1267342582710779,5.55811592856e-05,6866644.0,1.21511343
2025-04-07 13:00:00,76696.0,76635.5,-0.0788828622092416,6.43955001058e-05,6853398.0,-0.40340756
2025-04-07 14:00:00,76469.9,76416.4,-0.0699621681210515,6.67033170462e-05,6845681.0,0.35944148
2025-04-07 15:00:00,77240.4,77197.8,-0.0551524849689945,7.14055745655e-05,6857800.0,0.3920758
2025-04-07 16:00:00,76975.5,76932.0,-0.0565114874213223,6.44726897054e-05,6841634.0,0.0377206199999999
2025-04-07 18:00:00,76650.0,76615.5,-0.0450097847358121,4.62265268614e-05,6835675.0,0.38200837
2025-04-07 19:00:00,78145.9,78171.8,0.0331431335489241,4.00315578125e-05,6748880.0,0.33033225
2025-04-07 20:00:00,78577.1,78565.5,-0.0147625707744442,2.28780797755e-05,6668050.0,0.8216722999999999
2025-04-07 21:00:00,77708.0,77654.1,-0.0693622278272432,2.33761791715e-05,6678885.0,0.89403055
2025-04-07 22:00:00,78389.3,78342.0,-0.0603398678135956,3.51826730419e-05,6657890.0,1.51933175
2025-04-07 23:00:00,78966.6,78926.4,-0.0509075989089205,2.30310303499e-05,6639804.0,-0.79729245
2025-04-08 00:00:00,78458.1,78413.3,-0.0571005415629525,1.6744848548e-05,6663349.0,0.6919338099999999
2025-04-08 01:00:00,78957.6,78908.8,-0.0618053233634291,6.2945946883e-06,6659570.0,0.68369741
2025-04-08 02:00:00,78933.5,78886.0,-0.0601772378014404,-7.0020065965e-06,6644846.0,0.0703423599999999
2025-04-08 03:00:00,79727.7,79690.0,-0.0472859495507798,-3.3217946821e-05,6620519.0,-0.00150411
2025-04-08 04:00:00,79800.1,79771.9,-0.0353383015810902,-4.46731313304e-05,6608521.0,0.95095197
2025-04-08 08:00:00,79979.5,79964.7,-0.0185047418401001,-2.44012025654e-05,6017481.0,-0.3759025099999999
2025-04-08 09:00:00,80314.8,80306.6,-0.0102098243412136,5.5636547088e-06,6264539.0,-0.49326671
2025-04-08 10:00:00,79759.8,79738.6,-0.0265798058671123,2.85606080895e-05,6197513.0,0.2458841699999999
2025-04-08 11:00:00,79431.4,79409.9,-0.0270673814133957,3.07152431357e-05,6139314.0,-0.08041998
2025-04-08 12:00:00,79510.7,79487.3,-0.0294300012451081,3.4633488037e-05,6138165.0,-0.4273898600000001
2025-04-08 13:00:00,79132.0,79112.1,-0.0251478542182608,5.09649013642e-05,6141719.0,-0.06870884
2025-04-08 14:00:00,78986.3,78964.9,-0.0270933060543521,6.17369080708e-05,6135707.0,-0.4854138099999999
2025-04-08 15:00:00,79127.7,79114.3,-0.0169346512030479,5.34443563131e-05,6150186.0,-0.92266331
2025-04-08 16:00:00,79282.9,79259.6,-0.0293884305442767,5.55360513179e-05,6135569.0,-0.03106291
2025-04-08 18:00:00,79982.5,79950.1,-0.040508861313405,5.10751518266e-05,6131912.0,-1.82225344
2025-04-08 19:00:00,79353.9,79319.6,-0.0432240885450977,6.73110039298e-05,6082793.0,-0.05875743
2025-04-08 20:00:00,78640.0,78613.8,-0.0333163784333635,7.00797385723e-05,5995645.0,0.34483906
2025-04-08 21:00:00,77778.8,77747.9,-0.0397280492885062,6.78115976367e-05,6085863.0,-0.2321208199999999
2025-04-08 22:00:00,76877.2,76825.0,-0.0679004958557245,8.7056339954e-05,6127710.0,-0.31390082
2025-04-08 23:00:00,77419.7,77358.6,-0.0789204814795088,8.50821688152e-05,6203484.0,-0.69407083
2025-04-09 00:00:00,77010.0,76958.5,-0.066874431891962,8.09086426043e-05,6173352.0,0.0097658999999999
2025-04-09 01:00:00,76986.0,76913.0,-0.0948224352479671,0.0001136559962504,6197025.0,0.8812951099999999
2025-04-09 02:00:00,76750.1,76687.9,-0.0810422396843934,0.0001147844150659,6184525.0,-0.21997483
2025-04-09 03:00:00,76404.3,76328.1,-0.0997326066726572,0.0001105347291915,6225935.0,-0.99569552
2025-04-09 04:00:00,76368.2,76302.0,-0.0866852957120857,0.000125654735277,6248651.0,0.26621624
2025-04-09 08:00:00,75632.2,75550.0,-0.1086838674532766,1.32355533298e-05,6877280.0,-0.4063417099999999
2025-04-09 09:00:00,76403.2,76326.0,-0.1010428882559854,-9.04867665428e-05,6797564.0,0.2104098
2025-04-09 10:00:00,76594.5,76545.4,-0.0641038194648516,-0.0001041343303855,6744533.0,-0.2627184
2025-04-09 11:00:00,76964.9,76912.9,-0.067563265852356,-0.000117330276527,6688510.0,-0.48486789
2025-04-09 12:00:00,77685.6,77640.0,-0.0586981371064982,-0.0001270130122615,6625062.0,0.42913406
2025-04-09 13:00:00,77211.4,77175.0,-0.0471432974923316,-0.0001569619318116,6562714.0,1.38249212
2025-04-09 14:00:00,77194.6,77144.0,-0.0655486264583349,-0.0001545283397958,6543136.0,0.8666052399999999
2025-04-09 15:00:00,77149.8,77105.7,-0.0571615221296825,-0.0001292283832931,6499525.0,0.26002289
2025-04-09 16:00:00,76514.8,76472.3,-0.0555448096316006,-0.0001023261898955,6622370.0,-0.22655682
2025-04-09 18:00:00,77100.3,77014.1,-0.1118024184082255,-1.72239212655e-05,6219221.0,0.50772257
2025-04-09 19:00:00,77478.0,77430.1,-0.0618240016520743,2.08414314637e-05,6229891.0,0.31759218
2025-04-09 20:00:00,77110.8,77056.7,-0.0701587845023081,6.38632381776e-05,6226001.0,0.2778327
2025-04-09 21:00:00,78064.0,78015.5,-0.0621285099405615,0.0001238950900196,6238299.0,0.0338403099999999
2025-04-09 22:00:00,81368.1,81331.8,-0.0446120777061316,0.0001498649919751,6187655.0,0.24180377
2025-04-09 23:00:00,82188.0,82170.1,-0.0217793351827446,0.000171638937742,6621206.0,0.4325628599999999
2025-04-10 00:00:00,82406.7,82391.9,-0.0179597047327497,0.0001878995459349,6623266.0,-0.03198421
2025-04-10 01:00:00,82494.4,82476.0,-0.022304544308455,0.000185966008742,6559048.0,1.78020336
2025-04-10 02:00:00,83304.4,83289.1,-0.018366376806013,0.000179649650143,6568562.0,0.01310285
2025-04-10 03:00:00,83251.2,83242.7,-0.0102100630381303,0.000143486989726,6616188.0,-0.08989728
2025-04-10 04:00:00,82746.6,82738.0,-0.0103931762755277,0.0001099368812535,6575238.0,-0.6480227599999999
2025-04-10 08:00:00,81915.8,81893.3,-0.0274672285444322,6.53274403751e-05,6516731.0,0.5443164899999999
2025-04-10 09:00:00,81837.9,81816.0,-0.026760217454253,6.70662046579e-05,6603483.0,-0.05078927
2025-04-10 10:00:00,82134.4,82125.0,-0.0114446565628946,7.42987548791e-05,6642241.0,0.0979658699999999
2025-04-10 11:00:00,81914.8,81891.8,-0.0280779541670125,8.22228314136e-05,6643296.0,-1.27058162
2025-04-10 12:00:00,81553.4,81554.4,0.0012261904469954,8.66516942839e-05,6625337.0,1.35842277
2025-04-10 13:00:00,81646.8,81639.9,-0.0084510354355697,0.0001036776059995,6565790.0,-0.08983644
2025-04-10 14:00:00,81946.4,81919.9,-0.032338211318618,0.00010258857292,6524723.0,1.3794557
2025-04-10 15:00:00,81680.0,81640.0,-0.048971596474045,9.5296148301e-05,6538122.0,1.5981120200000003
2025-04-10 16:00:00,81705.7,81680.1,-0.0313319633758615,9.99724778414e-05,6541348.0,-1.16797908
2025-04-10 18:00:00,81410.1,81357.9,-0.064119808230197,8.18008914971e-05,6571065.0,-0.82483325
2025-04-10 19:00:00,81654.1,81631.9,-0.0271878570702654,9.42336510085e-05,6539004.0,-0.44697361
2025-04-10 20:00:00,79635.9,79534.3,-0.1275806514398547,6.93738225104e-05,6656045.0,-0.63434545
2025-04-10 21:00:00,79301.9,79233.9,-0.0857482607604609,8.4872339154e-06,6519537.0,-1.50351245
2025-04-10 22:00:00,79249.8,79190.0,-0.0754576036784987,-1.38491007956e-05,6503045.0,-0.2336160099999999
2025-04-10 23:00:00,79710.0,79650.0,-0.0752728641324802,-4.03691433253e-05,6363820.0,-2.27615552
2025-04-11 00:00:00,79691.7,79642.0,-0.0623653404306811,-5.67559641049e-05,6350354.0,0.09552071
2025-04-11 01:00:00,79736.0,79682.0,-0.0677234875087789,-7.62737579324e-05,6349886.0,-0.82441393
2025-04-11 02:00:00,79833.9,79783.8,-0.0627552956826501,-9.44182783082e-05,6322773.0,1.99177329
2025-04-11 03:00:00,79890.0,79845.5,-0.0557015896858179,-0.0001168754255382,6311589.0,-0.54450115
2025-04-11 04:00:00,79494.1,79456.0,-0.047928085228974,-0.0001118910543772,6317797.0,0.67469682
2025-04-11 08:00:00,80516.1,80467.1,-0.0608573937386435,-5.46959025267e-05,6211643.0,0.28750008
2025-04-11 09:00:00,80801.2,80765.8,-0.0438112305262721,-3.25401137917e-05,6269244.0,-0.24503332
2025-04-11 10:00:00,80720.0,80690.0,-0.0371655104063429,-1.99312977332e-05,6269430.0,-0.1783047
2025-04-11 11:00:00,81240.0,81201.9,-0.0468980797636703,-2.8397417918e-06,6274585.0,0.0923956000000001
2025-04-11 12:00:00,80908.4,80863.7,-0.0552476627890269,1.668830624e-06,6232947.0,1.11884648
2025-04-11 13:00:00,81673.9,81628.1,-0.056076665862642,1.93450301067e-05,6203841.0,0.1584734399999999
2025-04-11 14:00:00,82128.4,82090.0,-0.0467560551526563,2.45256750924e-05,6222055.0,-0.29750724
2025-04-11 15:00:00,82733.3,82704.9,-0.0343271693501996,2.7253321193e-05,6262484.0,-0.0778407099999999
2025-04-11 16:00:00,82407.8,82400.0,-0.0094651234470558,2.81670746528e-05,6277589.0,1.1536688700000002
2025-04-11 18:00:00,82370.0,82318.3,-0.0627655699890701,1.87183219941e-05,6270183.0,0.09612632
2025-04-11 19:00:00,81950.0,81901.9,-0.0586943258084268,6.5169042085e-06,6307389.0,-25.10961171
2025-04-11 20:00:00,82488.2,82452.0,-0.0438850647728973,4.7019506778e-06,6183684.0,-0.22186172
2025-04-11 21:00:00,82943.8,82910.0,-0.0407504840627062,-4.2903261626e-06,6179128.0,-0.63697939
2025-04-11 22:00:00,83046.8,83006.1,-0.0490085108637504,-1.3876873115e-05,6179024.0,-0.0379090699999999
2025-04-11 23:00:00,83830.0,83816.0,-0.0167004652272456,-3.3706681839e-06,6252139.0,-0.2120523
2025-04-12 00:00:00,83938.8,83917.1,-0.0258521684846544,-4.1272222355e-06,6230127.0,-3.35323205
2025-04-12 01:00:00,83995.8,83984.0,-0.0140483214636956,-1.31419277696e-05,6240448.0,1.4283265199999997
2025-04-12 02:00:00,83906.1,83886.0,-0.0239553500877836,-1.25968901241e-05,6247776.0,-1.50103582
2025-04-12 03:00:00,83369.9,83354.3,-0.0187117892668592,-1.1498425621e-06,6273238.0,-0.98307157
2025-04-12 04:00:00,83209.0,83190.0,-0.0228340684300977,4.3068759932e-06,6277635.0,-0.69922169
2025-04-12 08:00:00,82899.9,82865.8,-0.0411339458792969,-1.83473789099e-05,6241323.0,0.04709343
2025-04-12 09:00:00,83129.1,83107.9,-0.0255025015307655,-3.71640485896e-05,6357905.0,-0.350259
2025-04-12 10:00:00,83496.9,83472.7,-0.0289831119478652,-3.94610093619e-05,6362856.0,0.17019714
2025-04-12 11:00:00,83710.1,83686.0,-0.0287898353962136,-5.23637500655e-05,6378085.0,-0.73830599
2025-04-12 12:00:00,83590.0,83574.0,-0.0191410455796147,-6.17986330194e-05,6368109.0,0.79352896
2025-04-12 13:00:00,83643.0,83620.2,-0.0272587066461065,-6.03766381125e-05,6320293.0,0.1310812499999999
2025-04-12 14:00:00,83454.2,83428.2,-0.031154813059139,-6.79494986275e-05,6305199.0,-0.36672496
2025-04-12 15:00:00,83380.0,83349.9,-0.0360997841208992,-5.45905626067e-05,6290597.0,-1.24136223
2025-04-12 16:00:00,83571.5,83551.3,-0.0241709195120311,-4.91811141996e-05,6306799.0,-0.0214401499999999
2025-04-12 18:00:00,83806.1,83784.5,-0.0257737801902317,-2.62804231682e-05,6297602.0,-0.6330232600000001
2025-04-12 19:00:00,85048.0,85032.0,-0.0188129056532781,-2.8604992512e-05,6278654.0,0.7910310300000001
2025-04-12 20:00:00,85137.0,85114.0,-0.0270152812525693,-2.38281388012e-05,6289279.0,0.0893064599999999
2025-04-12 21:00:00,84915.5,84904.0,-0.0135428749757111,-3.95720806234e-05,6231835.0,-0.13449468
2025-04-12 22:00:00,84774.0,84752.8,-0.0250076674452038,-3.07645065895e-05,6202782.0,-0.44967985
2025-04-12 23:00:00,85029.9,85016.0,-0.0163471908116958,-2.21074605393e-05,6222568.0,-0.14519568
2025-04-13 00:00:00,85137.5,85138.8,0.0015269417119399,-1.26866799539e-05,6214892.0,-0.3070443899999999
2025-04-13 01:00:00,85294.5,85300.0,0.0064482469561343,-1.53766348621e-05,6204761.0,0.0935299499999999
2025-04-13 02:00:00,85418.0,85432.0,0.0163899880587229,-1.43410753681e-05,6222497.0,-0.1087757199999999
2025-04-13 03:00:00,85470.3,85464.0,-0.0073709814988398,-3.0929698944e-06,6228702.0,0.3763253
2025-04-13 09:00:00,85072.1,85058.5,-0.0159864397375941,-2.32145922384e-05,6300087.0,0.07370087
2025-04-13 10:00:00,84690.0,84686.0,-0.0047231078049356,-1.88643487336e-05,6287793.0,-0.71680735
2025-04-13 11:00:00,84782.4,84766.0,-0.0193436373586902,-1.12931869733e-05,6290548.0,0.4667579699999999
2025-04-13 12:00:00,84676.0,84656.0,-0.0236194435259105,-2.0772464592e-06,6285088.0,0.56459484
2025-04-13 13:00:00,84526.9,84508.0,-0.0223597458323849,-1.94050915597e-05,6306051.0,-0.62519101
2025-04-13 14:00:00,84717.9,84697.8,-0.0237258005687006,-2.21033553015e-05,6307072.0,5.63394291
2025-04-13 15:00:00,84671.9,84652.0,-0.0235024842952551,-1.18109845511e-05,6304402.0,-0.22066426
2025-04-13 16:00:00,84421.7,84408.0,-0.0162280551090502,-1.13416511531e-05,6295966.0,-0.26542882
2025-04-13 18:00:00,84567.0,84533.4,-0.0397318102806127,6.9514113572e-06,6319231.0,-2.2903238700000004
2025-04-13 19:00:00,83939.4,83921.6,-0.0212057746421684,-1.7234624175e-06,6288770.0,0.48380692
2025-04-13 20:00:00,83756.0,83741.9,-0.0168346148335711,7.2118330475e-06,6274132.0,-0.50825889
2025-04-13 21:00:00,84174.7,84154.2,-0.0243541111521633,4.00613628837e-05,6265069.0,-0.40045305
2025-04-13 22:00:00,84668.4,84662.9,-0.0064959300045825,4.36683583474e-05,6241378.0,0.0041725899999999
2025-04-13 23:00:00,84833.3,84829.9,-0.0040078601209769,4.38338150051e-05,6223121.0,-7.34816102
2025-04-14 00:00:00,84397.4,84388.0,-0.0111377838653728,4.79444803057e-05,6212526.0,-0.73938829
2025-04-14 01:00:00,84055.8,84044.0,-0.0140382936097246,5.07125650144e-05,6179915.0,-0.03676075
2025-04-14 02:00:00,83695.4,83677.6,-0.0212675965465107,4.79658239303e-05,6154245.0,0.76103422
2025-04-14 03:00:00,83200.0,83166.0,-0.0408653846153846,3.62451963361e-05,6157013.0,-0.48028889
2025-04-14 04:00:00,83555.2,83534.1,-0.0252527670330407,2.05818637925e-05,6141871.0,0.3219448
2025-04-14 08:00:00,84783.3,84750.0,-0.0392766028215496,2.78444728611e-05,6032233.0,0.05856896
2025-04-14 09:00:00,84985.9,84968.0,-0.0210623173961729,3.69872733438e-05,6040055.0,-0.0136431099999999
2025-04-14 10:00:00,84386.7,84374.7,-0.0142202503475073,3.94343079336e-05,6024552.0,-0.56160551
2025-04-14 11:00:00,84615.9,84594.0,-0.0258816605389698,4.65840382817e-05,6039783.0,-1.01685361
2025-04-14 12:00:00,84594.1,84575.1,-0.0224601952145598,5.1332759567e-05,6065912.0,-0.44903876
2025-04-14 13:00:00,84809.9,84787.2,-0.0267657431502655,3.48486514823e-05,6057704.0,1.29236176
2025-04-14 14:00:00,84400.1,84382.0,-0.0214454722210113,2.29187625441e-05,6055289.0,0.0115006499999999
2025-04-14 15:00:00,84754.4,84742.0,-0.0146305088585302,1.42233228693e-05,6031507.0,-0.21028301
2025-04-14 16:00:00,84849.9,84840.0,-0.0116676625429071,5.5622599822e-06,6027795.0,-1.04386006
2025-04-14 18:00:00,84532.1,84523.9,-0.0097004569861764,-2.343677353e-07,6071453.0,-0.2279898299999999
2025-04-14 19:00:00,85463.6,85467.7,0.0047973640239719,1.50845846479e-05,6178231.0,0.28782343
2025-04-14 20:00:00,84720.2,84714.0,-0.007318207464096,1.61071057876e-05,6164323.0,0.1272075
2025-04-14 21:00:00,84583.3,84575.9,-0.0087487719207086,6.4871861238e-06,6116461.0,1.24418405
2025-04-14 22:00:00,84481.9,84475.0,-0.008167429946526,1.04566791311e-05,6144923.0,0.3390210899999999
2025-04-14 23:00:00,84866.6,84850.0,-0.0195601096308863,1.1533885891e-06,6153285.0,-0.3863817799999999
2025-04-15 00:00:00,85007.6,85009.0,0.0016469115702527,-2.2401022575e-06,6148913.0,1.20373468
2025-04-15 01:00:00,84680.0,84672.9,-0.0083845063769553,-3.04019117018e-05,6086310.0,0.07521061
2025-04-15 02:00:00,84762.9,84752.7,-0.0120335665721643,-5.23926989273e-05,6085477.0,-0.06500629
2025-04-15 03:00:00,84617.3,84615.0,-0.0027181202898259,-9.30125787985e-05,6094223.0,-1.83837907
2025-04-15 04:00:00,84649.9,84650.0,0.0001181336304069,-0.0001084216419024,6094940.0,0.46388509
2025-04-15 08:00:00,85125.2,85112.1,-0.015389097470539,-0.0001246206808145,6052792.0,0.32741602
2025-04-15 09:00:00,85290.0,85286.7,-0.0038691523039077,-7.8625574576e-05,6057222.0,0.3150205
2025-04-15 10:00:00,85762.1,85769.0,0.0080455119452464,-4.62442338328e-05,6159584.0,-0.06265649
2025-04-15 11:00:00,85475.0,85461.4,-0.0159110851126128,-9.6842380861e-06,6180462.0,0.14198601
2025-04-15 12:00:00,85636.3,85644.9,0.0100424703075579,-4.401699359e-07,6171791.0,0.2811303599999999
2025-04-15 13:00:00,85860.0,85862.7,0.0031446540880469,1.57674840836e-05,6164192.0,0.84731763
2025-04-15 14:00:00,85682.0,85687.8,0.0067692164048492,1.7432171938e-05,6198754.0,3.05496353
2025-04-15 15:00:00,85558.0,85564.9,0.0080647046447955,3.01217933404e-05,6224653.0,2.00935303
2025-04-15 16:00:00,85496.1,85493.3,-0.0032750031872832,3.85386501317e-05,6231076.0,0.52600255
2025-04-15 18:00:00,85839.7,85825.1,-0.0170084471404155,4.83686214473e-05,6266171.0,-0.03750957
2025-04-15 19:00:00,85265.4,85264.4,-0.0011728086656486,2.64376622428e-05,6353265.0,0.1842560499999999
2025-04-15 20:00:00,84876.9,84882.5,0.0065977904471131,2.01679500893e-05,6349725.0,-1.00077481
2025-04-15 21:00:00,85027.3,85021.9,-0.0063509014163788,2.15241179191e-05,6326025.0,1.98800285
2025-04-15 22:00:00,84724.0,84712.3,-0.0138095462914842,2.075739264e-05,6335019.0,-0.7992416300000001
2025-04-15 23:00:00,84478.0,84468.0,-0.0118374014536328,-1.9325009459e-06,6341703.0,0.4396884699999999
2025-04-16 00:00:00,84134.1,84123.2,-0.0129555079331789,-3.19447824427e-05,6222640.0,-0.31981949
2025-04-16 01:00:00,84005.2,84017.7,0.0148800312361615,-8.12346378996e-05,6256423.0,0.5434772099999999
2025-04-16 02:00:00,84066.8,84061.7,-0.0060666041766854,-0.0001045530410955,6230994.0,-0.1054240199999999
2025-04-16 03:00:00,83955.7,83956.0,0.0003573313068712,-0.0001093922135129,6260904.0,0.3334618299999999
2025-04-16 04:00:00,83715.2,83725.0,0.011706356790646,-9.79028327748e-05,6267706.0,0.94705319
2025-04-16 08:00:00,83914.8,83917.6,0.0033367177184512,-5.23379886451e-05,6177086.0,-0.87942762
2025-04-16 09:00:00,83486.3,83475.2,-0.0132955946065472,-3.55644597858e-05,6179142.0,-0.09413042
2025-04-16 10:00:00,83457.8,83450.0,-0.009346040753534,-3.19163808836e-05,6184563.0,0.3382399299999999
2025-04-16 11:00:00,83701.5,83691.8,-0.0115888006785984,-2.68892705223e-05,6184157.0,0.2751184
2025-04-16 12:00:00,83434.1,83424.8,-0.0111465216260532,-4.74373986924e-05,6182137.0,-0.42911551
2025-04-16 13:00:00,83798.2,83791.8,-0.0076373955526421,-7.04691076766e-05,6173624.0,-0.38519858
2025-04-16 14:00:00,83756.0,83748.2,-0.0093127656526134,-7.55292140489e-05,6159648.0,-0.26081882
2025-04-16 15:00:00,83860.4,83858.1,-0.0027426532666054,-8.62074975094e-05,6121271.0,-0.07773965
2025-04-16 16:00:00,83862.0,83860.0,-0.0023848703822947,-9.28092118088e-05,6116608.0,0.69464576
2025-04-16 18:00:00,83920.0,83923.9,0.0046472831267804,-8.22863764321e-05,6102549.0,0.00503719
2025-04-16 19:00:00,84354.0,84376.6,0.026791853379811,-7.63095702479e-05,6047624.0,-0.57760875
2025-04-16 20:00:00,85038.1,85049.6,0.0135233501218865,-5.6846219713e-05,6097073.0,-0.3807419399999999
2025-04-16 21:00:00,84998.0,85000.8,0.0032941951575365,-5.42512310106e-05,6082722.0,0.0214394099999999
2025-04-16 22:00:00,84944.5,84950.0,0.0064748159092113,-4.9588485124e-05,6074237.0,0.24484059
2025-04-16 23:00:00,83806.1,83802.1,-0.004772922257449,-2.73748576318e-05,6030810.0,0.1345791399999999
2025-04-17 00:00:00,83918.1,83925.0,0.0082223024591764,-3.01100462243e-05,6020019.0,-0.58714826
2025-04-17 01:00:00,84480.2,84469.7,-0.0124289478481348,-3.79788427777e-05,6049439.0,-0.03384618
2025-04-17 02:00:00,84626.1,84625.2,-0.0010635016856604,-3.65619649958e-05,6066359.0,0.3773529399999999
2025-04-17 03:00:00,84454.8,84454.4,-0.0004736261290166,-4.07053982205e-05,6070662.0,0.98928292
2025-04-17 04:00:00,84241.1,84244.1,0.003561207059262,-4.74637034038e-05,6074885.0,-0.75953363
2025-04-17 08:00:00,84151.9,84163.9,0.0142599275833344,7.0971842057e-06,6166964.0,2.61637528
2025-04-17 09:00:00,84032.6,84031.3,-0.0015470186570484,3.24215456894e-05,6169600.0,-0.05949102
2025-04-17 10:00:00,84386.5,84384.1,-0.0028440568100278,4.21528006938e-05,6173331.0,0.0578518099999999
2025-04-17 11:00:00,84752.0,84757.7,0.0067255050028283,3.80825026752e-05,6189605.0,-0.82254684
2025-04-17 12:00:00,84965.9,84972.0,0.0071793507748471,4.50625850304e-05,6183794.0,0.1083122
2025-04-17 13:00:00,84569.0,84580.8,0.0139531033830397,3.01140231137e-05,6188538.0,-0.51708054
2025-04-17 14:00:00,84350.8,84354.0,0.0037936806764098,1.66822988058e-05,6184095.0,-0.1815884199999999
2025-04-17 15:00:00,84298.4,84302.0,0.0042705436876688,1.54824627233e-05,6196167.0,-0.82934162
2025-04-17 16:00:00,84419.3,84420.6,0.0015399322192945,1.44474464964e-05,6181400.0,0.1467538399999999
2025-04-17 18:00:00,84465.2,84459.0,-0.0073403010944117,2.50555405159e-05,6249460.0,1.43934697
2025-04-17 19:00:00,83856.0,83838.3,-0.021107613050941,1.94314436098e-05,6327071.0,0.27350265
2025-04-17 20:00:00,84515.0,84509.1,-0.0069810092882851,1.79908896581e-05,6326038.0,-0.61547139
2025-04-17 21:00:00,84747.7,84737.1,-0.0125077140736459,2.58893301186e-05,6413016.0,-0.17158342
2025-04-17 22:00:00,85136.9,85136.5,-0.0004698315301522,2.02756084937e-05,6436851.0,0.89677683
2025-04-17 23:00:00,85214.1,85200.0,-0.0165465574359241,-2.3036937708e-06,6436991.0,-0.174758
2025-04-18 00:00:00,84770.8,84767.3,-0.0041287801931797,-1.29430359364e-05,6422516.0,0.42241712
2025-04-18 01:00:00,84884.5,84878.3,-0.0073040425519347,-2.68355314927e-05,6429438.0,-0.1864986799999999
2025-04-18 02:00:00,84896.1,84899.7,0.0042404774777537,-4.29461218942e-05,6441034.0,-0.15694023
2025-04-18 03:00:00,84923.4,84937.7,0.0168387040556582,-2.8166143537e-05,6461398.0,-0.20961187
2025-04-18 04:00:00,84953.6,84962.5,0.0104763070664388,-3.45067215618e-05,6447983.0,5.45261778
2025-04-18 08:00:00,84780.1,84784.6,0.005307849365594,-3.13938252594e-05,6534819.0,-0.1092330099999999
2025-04-18 09:00:00,84677.9,84675.1,-0.0033066478974896,-2.22463456043e-05,6514521.0,1.2929829000000002
2025-04-18 10:00:00,84633.2,84637.5,0.005080748453329,-1.49777973231e-05,6524660.0,-0.0288393199999999
2025-04-18 11:00:00,84644.0,84658.3,0.016894286659424,-1.16390651756e-05,6548502.0,-0.5651675199999999
2025-04-18 12:00:00,84512.1,84517.3,0.0061529650783699,-1.3286817199e-06,6480262.0,0.0258495599999999
2025-04-18 13:00:00,84751.9,84750.6,-0.0015338889157509,2.58553776946e-05,6424579.0,0.01608784
2025-04-18 14:00:00,84562.7,84551.1,-0.0137176320055902,3.17120367515e-05,6425084.0,0.09648642
2025-04-18 15:00:00,84565.1,84566.4,0.001537277198263,4.52017758885e-05,6424043.0,0.08425246
2025-04-18 16:00:00,84534.1,84534.3,0.0002365909141956,4.71898949012e-05,6419576.0,-0.01912006
2025-04-18 18:00:00,84547.9,84536.4,-0.0136017571104663,6.42657000098e-05,6413905.0,-0.67146631
2025-04-18 19:00:00,84500.0,84489.2,-0.0127810650887608,5.10798660914e-05,6400946.0,0.31163899
2025-04-18 20:00:00,84358.1,84347.9,-0.01209131073366,3.77324635458e-05,6406757.0,-0.13325032
2025-04-18 21:00:00,84474.4,84471.8,-0.0030778555396561,2.34852517576e-05,6395072.0,-0.66440292
2025-04-18 22:00:00,84474.9,84470.5,-0.0052086477758413,2.04651633114e-05,6360775.0,0.41780887
2025-04-18 23:00:00,84620.5,84606.2,-0.0168989783799468,9.4776492914e-06,6375611.0,-0.09773095
2025-04-19 00:00:00,84635.8,84625.0,-0.0127605575891087,6.2273137773e-06,6372044.0,0.19128838
2025-04-19 01:00:00,84542.4,84525.2,-0.0203448210601983,-9.2199198542e-06,6355252.0,-0.0154886799999999
2025-04-19 02:00:00,84519.5,84510.7,-0.0104117984607136,-1.30603606213e-05,6346382.0,-0.40690723
2025-04-19 03:00:00,84504.6,84493.6,-0.0130170428592052,-1.6859457806e-05,6345548.0,-0.0056004899999999
2025-04-19 04:00:00,84448.0,84434.0,-0.01657824933687,-1.0919364505e-05,6345845.0,0.35545596
2025-04-19 08:00:00,84848.5,84844.2,-0.0050678562378862,-2.47900078343e-05,6356154.0,-0.96664485
2025-04-19 09:00:00,85140.0,85154.0,0.0164435048155978,-8.1802094593e-06,6323950.0,-0.11979963
2025-04-19 10:00:00,85119.6,85126.8,0.0084586863660039,5.3850231695e-06,6286356.0,0.1149404699999999
2025-04-19 11:00:00,84900.0,84901.0,0.0011778563015312,2.9062980756e-05,6281519.0,0.18540178
2025-04-19 12:00:00,85104.9,85111.0,0.0071676248958706,4.26651223274e-05,6278950.0,0.56715651
2025-04-19 13:00:00,85222.3,85225.0,0.0031681848530221,5.93817250738e-05,6297245.0,0.36008453
2025-04-19 14:00:00,85303.9,85324.9,0.0246178662405822,7.70523645583e-05,6292355.0,-0.94901617
2025-04-19 15:00:00,85164.6,85163.1,-0.0017612951860279,8.92165456043e-05,6302916.0,0.07531654
2025-04-19 16:00:00,85164.4,85163.9,-0.000587099774084,8.74447870357e-05,6301711.0,-0.0433641299999999
2025-04-19 18:00:00,85241.5,85245.1,0.0042232949912962,9.08362000842e-05,6319614.0,0.33900403
2025-04-19 19:00:00,85487.5,85477.7,-0.0114636642784066,9.65152155608e-05,6406466.0,0.46683931
2025-04-19 20:00:00,85478.1,85468.1,-0.0116989029938662,9.21569639687e-05,6363038.0,0.05516974
2025-04-19 21:00:00,85060.1,85053.9,-0.0072889639208179,7.64742736319e-05,6264724.0,-0.0096072199999999
2025-04-19 22:00:00,85028.0,85025.1,-0.0034106412005388,6.74412898541e-05,6249681.0,-0.90430292
2025-04-19 23:00:00,85287.8,85278.0,-0.0114905062623293,7.47228932454e-05,6238385.0,0.19839098
2025-04-20 00:00:00,85165.5,85150.0,-0.0181998579236897,7.08953742803e-05,6247330.0,-0.12586957
2025-04-20 01:00:00,85232.3,85215.7,-0.0194761844981372,7.26087995994e-05,6252962.0,0.11700764
2025-04-20 02:00:00,85288.5,85275.9,-0.0147733867989304,7.75761741352e-05,6239093.0,-0.08561818
2025-04-20 03:00:00,85328.6,85320.3,-0.0097271020501952,6.38873290917e-05,6236306.0,0.16089627
2025-04-20 04:00:00,85119.6,85109.7,-0.0116306937532703,5.85124523189e-05,6231605.0,-0.8902753
2025-04-20 08:00:00,85201.8,85190.9,-0.0127931569520934,5.17546210074e-05,6237152.0,-0.14056449
2025-04-20 09:00:00,85234.1,85228.7,-0.0063354924848255,1.89936101555e-05,6232498.0,-0.60449173
2025-04-20 10:00:00,85131.6,85127.8,-0.0044636774123861,-6.9497259007e-06,6229829.0,0.00131095
2025-04-20 11:00:00,84961.1,84961.2,0.000117700924295,-2.08759463238e-05,6248661.0,-8.00941887
2025-04-20 12:00:00,84732.1,84743.3,0.0132181310270807,-2.85529891992e-05,6224904.0,-0.4314049299999999
2025-04-20 13:00:00,84670.1,84664.7,-0.006377694132886,-4.94101399048e-05,6240909.0,0.7857801800000002
2025-04-20 14:00:00,84581.1,84587.4,0.0074484725310836,-7.37355276096e-05,6219396.0,-0.3246857599999999
2025-04-20 15:00:00,84364.0,84362.2,-0.0021336114930573,-8.95079456305e-05,6219239.0,0.93267123
2025-04-20 16:00:00,84024.4,84025.0,0.0007140782915508,-9.13753586297e-05,6195838.0,-0.51395375
2025-04-20 18:00:00,84232.6,84242.2,0.0113970125580728,-9.46659871714e-05,6210834.0,0.7767400099999999
2025-04-20 19:00:00,84597.1,84603.1,0.0070924417030843,-8.27749922935e-05,6202897.0,-0.07767586
2025-04-20 20:00:00,84386.4,84398.9,0.0148128134391323,-8.32650954402e-05,6243161.0,0.2287238199999999
2025-04-20 21:00:00,84531.3,84544.0,0.0150240206881913,-7.56092378239e-05,6277761.0,0.29268501
2025-04-20 22:00:00,84474.5,84480.0,0.0065108405495149,-6.85803964959e-05,6274493.0,-0.33398032
2025-04-20 23:00:00,84509.7,84509.0,-0.0008283072830658,-5.30083557005e-05,6267068.0,0.1997953899999999
2025-04-21 00:00:00,84548.5,84554.3,0.0068599679473945,-4.14908942927e-05,6266730.0,0.1301046
2025-04-21 01:00:00,85066.0,85074.9,0.0104624644393696,-1.95584183988e-05,6243329.0,-1.14166967
2025-04-21 02:00:00,85012.0,85012.2,0.0002352609043394,-4.7233841693e-06,6223377.0,-1.02458457
2025-04-21 03:00:00,84762.2,84765.0,0.0033033592804374,-3.6763047205e-06,6226662.0,0.1363034099999999
2025-04-21 04:00:00,85073.9,85080.0,0.0071702367000993,1.42916869426e-05,6267258.0,-0.2119799299999999
2025-04-21 08:00:00,87389.8,87400.0,0.0116718427093288,0.0001076092917428,6800832.0,-0.0455470799999999
2025-04-21 09:00:00,87263.8,87269.6,0.006646513216251,0.0001034721710536,6856757.0,0.20576758
2025-04-21 10:00:00,87449.9,87459.7,0.0112064164738929,0.0001172446488654,6911438.0,1.12042991
2025-04-21 11:00:00,87530.5,87543.4,0.014737719994738,0.0001378980964593,7070086.0,0.67060281
2025-04-21 12:00:00,87440.0,87455.8,0.0180695333943308,0.0001330459795405,7078659.0,-1.7036506699999998
2025-04-21 13:00:00,87560.0,87573.4,0.0153037916856945,0.0001200263592942,7176962.0,-0.6171804599999999
2025-04-21 14:00:00,87306.0,87313.4,0.0084759352163587,0.000109634777953,7150621.0,-0.7873269900000001
2025-04-21 15:00:00,87260.0,87275.0,0.0171900068760027,9.92071267951e-05,7143160.0,-0.85611718
2025-04-21 16:00:00,86693.4,86695.1,0.0019609335889602,9.14871176673e-05,6981595.0,0.09125353
2025-04-21 18:00:00,86960.0,86956.0,-0.0045998160073597,6.15366101249e-05,6807270.0,-14.99289283
2025-04-21 19:00:00,88238.0,88246.8,0.0099730274938268,1.16392089437e-05,6910361.0,-3.77815762
2025-04-21 20:00:00,88206.0,88226.3,0.0230143074167323,-4.79537789865e-05,6995134.0,-0.2064133299999999
2025-04-21 21:00:00,87449.9,87470.7,0.0237850472098915,-0.0001119329349829,6982703.0,0.7851988200000001
2025-04-21 22:00:00,87060.0,87073.1,0.0150470939581964,-0.000127956478475,6805461.0,-0.99708962
2025-04-21 23:00:00,86844.0,86859.0,0.0172723504214453,-0.0001247504937199,6787983.0,-1.16254957
2025-04-22 00:00:00,87262.0,87286.4,0.0279617703009261,-0.0001145516032825,6779377.0,-1.10894157
2025-04-22 01:00:00,87224.0,87235.3,0.0129551499587302,-8.88092986521e-05,6762853.0,1.325041
2025-04-22 02:00:00,86966.5,86987.9,0.0246071763265098,-7.42995219982e-05,6755338.0,0.18035438
2025-04-22 03:00:00,87068.2,87080.4,0.0140120043827678,-2.54728505578e-05,6757813.0,-0.19715493
2025-04-22 04:00:00,87349.9,87351.9,0.0022896420030246,1.85245602417e-05,6771789.0,-0.24824677
2025-04-22 08:00:00,87867.3,87894.0,0.0303867308998877,9.01739056192e-05,7059627.0,-0.8390425999999999
2025-04-22 09:00:00,88274.3,88275.0,0.0007929827820748,7.90210583991e-05,7038959.0,1.36514864
2025-04-22 10:00:00,88315.9,88320.5,0.0052085751263428,6.33466823683e-05,7013573.0,3.52748999
2025-04-22 11:00:00,88094.5,88110.1,0.0177082564745878,4.61826265427e-05,7031920.0,-0.4749496199999999
2025-04-22 12:00:00,88422.1,88453.9,0.0359638597137914,5.73369522892e-05,7032774.0,-0.1156520799999999
2025-04-22 13:00:00,88402.9,88417.5,0.0165152953127169,6.86397994878e-05,7011350.0,0.0499767799999999
2025-04-22 14:00:00,88478.2,88500.1,0.0247518597801591,7.65993299434e-05,7018399.0,1.8929999999986458e-05
2025-04-22 15:00:00,88550.0,88558.1,0.0091473743647722,8.26563108255e-05,7039092.0,-0.24003531
2025-04-22 16:00:00,88648.2,88660.0,0.0133110429766232,8.06645264249e-05,7038300.0,1.02308634
2025-04-22 18:00:00,89829.9,89844.0,0.0156963327355433,7.3077387189e-05,7140824.0,-1.18402967
2025-04-22 19:00:00,90619.0,90645.9,0.0296847239541312,4.02706308576e-05,7413307.0,-1.26434289
2025-04-22 20:00:00,90751.3,90780.0,0.0316248913238676,-3.57148777225e-05,7399097.0,-9.86760963
2025-04-22 21:00:00,90766.1,90839.9,0.0813078891788766,-0.0001211334229131,7384620.0,-0.96244056
2025-04-22 22:00:00,91242.7,91308.0,0.0715673692251576,-0.0001592242405932,7447565.0,-0.4818587599999999
2025-04-22 23:00:00,91364.1,91430.0,0.0721289872061282,-0.0002218311484677,7429388.0,-0.0145223099999999
2025-04-23 00:00:00,91626.2,91693.5,0.0734506069224773,-0.0002465386768331,7436436.0,-1.33216562
2025-04-23 01:00:00,91186.1,91247.9,0.0677734874065108,-0.0002881561868158,7461058.0,0.31021789
2025-04-23 02:00:00,91636.1,91697.0,0.0664585245334471,-0.0002928415343998,7295760.0,-0.22794068
2025-04-23 03:00:00,92675.8,92725.0,0.053088292736612,-0.0002066757909481,7164063.0,-0.0142953899999999
2025-04-23 04:00:00,93616.1,93654.1,0.0405913085462863,-0.0001309226596399,7170632.0,-0.0141388299999999
2025-04-23 08:00:00,92750.7,92760.7,0.0107815897885406,7.66698642658e-05,7280952.0,-0.33732534
2025-04-23 09:00:00,93315.9,93358.1,0.0452227326747227,0.0001457509231649,7502921.0,0.5303103900000001
2025-04-23 10:00:00,93370.3,93403.5,0.0355573453228672,0.0001406702594481,7463350.0,-0.13931324
2025-04-23 11:00:00,93690.6,93712.1,0.0229478731057331,9.12610345477e-05,7483031.0,-0.82397913
2025-04-23 12:00:00,93852.8,93879.3,0.0282357052746428,7.85674798884e-05,7463148.0,0.6193032600000001
2025-04-23 13:00:00,94369.7,94384.0,0.015153168866705,6.93549987428e-05,7443093.0,0.3445069999999999
2025-04-23 14:00:00,94155.5,94180.6,0.0266580284741792,5.62455262288e-05,7455909.0,-0.1145671099999999
2025-04-23 15:00:00,93574.6,93594.8,0.0215870546066957,3.76781268187e-05,7426013.0,0.3722519
2025-04-23 16:00:00,93665.9,93694.4,0.0304272953123815,3.98308256799e-05,7429820.0,-0.14362588
2025-04-23 18:00:00,93572.0,93600.0,0.0299234813833197,4.084032176e-05,7424382.0,-0.3503108599999999
2025-04-23 19:00:00,93038.4,93059.6,0.0227862903919367,2.66155557244e-05,7215347.0,-1.98080196
2025-04-23 20:00:00,92744.9,92769.9,0.0269556600955955,2.5919058097e-05,7079123.0,-1.8312130200000003
2025-04-23 21:00:00,93713.2,93741.4,0.0300918120392827,2.58963798322e-05,7118744.0,0.2623842899999999
2025-04-23 22:00:00,93584.1,93612.8,0.030667602723109,3.12990600648e-05,7088239.0,-0.0050144099999999
2025-04-23 23:00:00,93633.1,93668.0,0.0372731437920929,1.87327262301e-05,7114967.0,-0.36588895
2025-04-24 00:00:00,93140.0,93160.6,0.0221172428602166,2.0678537274e-06,7093913.0,0.36571533
2025-04-24 01:00:00,93817.2,93850.2,0.0351747867128842,-5.18989857375e-05,7078599.0,-0.4381013
2025-04-24 02:00:00,93747.9,93788.4,0.0432009677016765,-8.99003432258e-05,7079063.0,0.57396978
2025-04-24 03:00:00,93601.2,93632.9,0.0338670871740929,-0.0001113456707501,6969013.0,-0.2652953999999999
2025-04-24 04:00:00,93676.0,93714.0,0.0405653529185703,-0.000122362019427,6979859.0,-0.16912473
2025-04-24 08:00:00,93155.9,93161.2,0.0056893873603313,0.0001,6994841.0,0.8762003899999999
2025-04-24 09:00:00,92593.9,92586.1,-0.0084238810547869,0.0001,6916069.0,-0.66992011
2025-04-24 10:00:00,92719.8,92708.0,-0.0127265158035316,0.0001,6928565.0,-0.0229778399999999
2025-04-24 11:00:00,92513.9,92495.8,-0.019564627585683,0.0001,6917793.0,-0.20498428
2025-04-24 12:00:00,92414.1,92392.6,-0.0232648481130044,0.0001,6898052.0,-0.39295296
2025-04-24 13:00:00,91705.7,91691.5,-0.0154843155877956,0.0001,6888538.0,3.97342793
2025-04-24 14:00:00,92414.0,92403.0,-0.0119029584262124,0.0001,6886601.0,-1.79543347
2025-04-24 15:00:00,92644.0,92634.4,-0.0103622468805382,0.0001,6861255.0,0.1095383199999999
2025-04-24 16:00:00,92436.0,92414.4,-0.02336751914839,0.0001,6815876.0,-0.22478958
2025-04-24 18:00:00,92910.0,92900.0,-0.0107631040792164,0.0001,6787644.0,-0.1352910199999999
2025-04-24 19:00:00,93128.3,93123.3,-0.0053689372618205,8.26556390288e-05,6746504.0,0.7698069699999999
2025-04-24 20:00:00,93332.3,93315.5,-0.0180001992879238,5.09590026153e-05,6738927.0,-0.3406209699999999
2025-04-24 21:00:00,93493.9,93489.1,-0.0051340247866313,9.2803561384e-06,6698560.0,-1.47539963
2025-04-24 22:00:00,93018.5,93025.0,0.0069878572542021,-1.0214004658e-06,6710008.0,0.5451198199999999
2025-04-24 23:00:00,93316.0,93310.1,-0.0063226027690794,1.4947194026e-06,6696981.0,0.13816274
2025-04-25 00:00:00,93444.0,93431.4,-0.0134840118145689,-7.389159727e-06,6694532.0,3.25170455
2025-04-25 01:00:00,93453.4,93454.7,0.0013910676337114,-1.95597293802e-05,6715741.0,0.58118906
2025-04-25 02:00:00,93199.9,93200.0,0.00010729625247,-1.73655939869e-05,6708281.0,0.33339851
2025-04-25 03:00:00,93481.0,93489.2,0.0087718359880586,3.0612471325e-06,6664339.0,-0.5773426800000001
2025-04-25 04:00:00,93682.1,93673.5,-0.0091799820883667,5.7313294925e-06,6660678.0,3.772943029999999
2025-04-25 08:00:00,93116.2,93102.1,-0.015142370500505,2.26555027122e-05,6635071.0,-0.07509858
2025-04-25 09:00:00,93220.0,93220.8,0.0008581849388574,4.09890845695e-05,6733184.0,0.65685883
2025-04-25 10:00:00,93280.2,93267.1,-0.0140437091687102,5.52769078174e-05,6729323.0,1.9156681
2025-04-25 11:00:00,93543.9,93533.6,-0.011010872969791,8.3934021539e-05,6752356.0,-0.48500739
2025-04-25 12:00:00,93531.9,93544.7,0.0136851705140202,0.0001,6753894.0,-0.65345311
2025-04-25 13:00:00,93690.5,93706.1,0.0166505675602177,0.0001,6689479.0,-1.05007023
2025-04-25 14:00:00,93852.7,93862.1,0.0100156948068715,0.0001,6656774.0,0.29664329
2025-04-25 15:00:00,93665.9,93658.8,-0.0075801332181629,0.0001,6611878.0,1.98254058
2025-04-25 16:00:00,94110.4,94113.7,0.0035065200020432,0.0001,6615600.0,1.05233086
2025-04-25 18:00:00,94284.0,94276.0,-0.0084850027576258,8.05336571162e-05,6627092.0,0.29579604
2025-04-25 19:00:00,94940.2,94972.0,0.0334947682857239,-1.02663619306e-05,6683454.0,0.25977379
2025-04-25 20:00:00,95189.2,95226.0,0.0386598479659487,-0.0001017267136019,6718883.0,-0.88599973
2025-04-25 21:00:00,95232.0,95264.8,0.0344422043010783,-0.0001049352646636,6708663.0,0.01595317
2025-04-25 22:00:00,95295.9,95325.6,0.0311660837454829,-8.66003031353e-05,6768657.0,6.62358492
2025-04-25 23:00:00,95141.1,95164.0,0.0240695135961158,-4.51771524778e-05,6731203.0,-1.15411988
2025-04-26 00:00:00,94927.9,94955.6,0.0291800408520694,-5.67181284672e-05,6740478.0,1.37622952
2025-04-26 01:00:00,94862.0,94914.8,0.0556598005523844,-8.48802287685e-05,6773739.0,-0.69241628
2025-04-26 02:00:00,94689.6,94731.5,0.0442498436998299,-8.74105646164e-05,6762636.0,0.1403463399999999
2025-04-26 03:00:00,94933.8,94968.0,0.0360251038091776,-7.97020337524e-05,6743258.0,-0.01342173
2025-04-26 04:00:00,94753.1,94770.0,0.0178358280626113,-8.25411709047e-05,6730085.0,0.0169619799999999
2025-04-26 08:00:00,94957.3,94966.5,0.0096885652814444,4.1105408382e-05,6779666.0,0.97276643
2025-04-26 09:00:00,94624.1,94632.0,0.0083488244538063,7.47382758317e-05,6764040.0,0.6381983900000001
2025-04-26 10:00:00,94640.0,94654.1,0.0148985629754922,0.0001,6707424.0,-0.5448257099999999
2025-04-26 11:00:00,94653.6,94643.3,-0.0108817836828212,0.0001,6690694.0,0.3849925599999999
2025-04-26 12:00:00,94686.4,94685.5,-0.0009505060916817,0.0001,6678645.0,-1.43487952
2025-04-26 13:00:00,94568.8,94586.0,0.0181878167006423,9.36604851068e-05,6658386.0,0.1785697299999999
2025-04-26 14:00:00,94230.1,94235.1,0.0053061601335454,8.86585215288e-05,6658547.0,-0.70077486
2025-04-26 15:00:00,94316.1,94308.0,-0.0085881413671746,0.0001,6653284.0,0.0759001
2025-04-26 16:00:00,94150.0,94130.0,-0.0212426978226234,0.0001,6650964.0,-5.04924135
2025-04-26 18:00:00,94288.0,94285.0,-0.0031817410487018,0.0001,6633406.0,0.0645068699999999
2025-04-26 19:00:00,94120.0,94116.0,-0.0042498937526561,0.0001,6605119.0,0.85171261
2025-04-26 20:00:00,94371.7,94375.9,0.0044504867454937,0.0001,6605245.0,0.27381467
2025-04-26 21:00:00,94176.0,94182.8,0.0072205232755722,0.0001,6604124.0,-0.23585254
2025-04-26 22:00:00,94303.9,94299.3,-0.004877847045553,0.0001,6604923.0,-0.9296576
2025-04-26 23:00:00,94258.0,94243.6,-0.0152772178488766,0.0001,6609122.0,-0.1527389499999999
2025-04-27 00:00:00,94206.1,94191.4,-0.0156040850857976,9.86175788056e-05,6620822.0,0.26176465
2025-04-27 01:00:00,94220.0,94209.4,-0.0112502653364527,7.07603993653e-05,6611865.0,-0.16861795
2025-04-27 02:00:00,94289.9,94280.4,-0.010075310293043,3.6037199733e-05,6608942.0,1.16591667
2025-04-27 03:00:00,94633.3,94628.0,-0.0056005655514527,1.59676972668e-05,6618750.0,-0.90659529
2025-04-27 04:00:00,94740.0,94740.7,0.0007388642600771,1.62563001994e-05,6657382.0,-5.04671233
2025-04-27 08:00:00,94345.8,94336.5,-0.0098573545404277,7.06481864574e-05,6657459.0,-0.62786063
2025-04-27 09:00:00,94120.1,94115.8,-0.0045686309300594,0.0001,6677858.0,-0.15682235
2025-04-27 10:00:00,93892.3,93874.1,-0.01938391114074,0.0001,6701029.0,-0.16567684
2025-04-27 11:00:00,93904.6,93880.1,-0.0260903086749743,9.48876249288e-05,6693038.0,-1.41613077
2025-04-27 12:00:00,94108.1,94085.6,-0.0239086752362442,9.56101510668e-05,6685523.0,0.70402791
2025-04-27 13:00:00,94166.0,94155.8,-0.0108319350933427,8.83202930675e-05,6650174.0,0.6441023699999999
2025-04-27 14:00:00,94125.5,94125.0,-0.0005312056775262,9.31100704004e-05,6648448.0,2.2077885900000003
2025-04-27 15:00:00,94010.1,94002.2,-0.0084033524057614,9.54898865026e-05,6659676.0,0.06103319
2025-04-27 16:00:00,93894.3,93883.6,-0.0113957929288541,8.60011404044e-05,6655842.0,-0.7181369400000001
2025-04-27 18:00:00,93818.9,93796.6,-0.0237691978908176,6.11260842809e-05,6635806.0,0.3338911599999999
2025-04-27 19:00:00,94044.2,94036.0,-0.0087193043271111,4.82333446768e-05,6651480.0,-0.46691907
2025-04-27 20:00:00,93831.6,93817.9,-0.0146006249493898,4.08540023917e-05,6647548.0,-0.326347
2025-04-27 21:00:00,93862.7,93865.9,0.0034092349783216,5.59461489473e-05,6636773.0,-0.03611108
2025-04-27 22:00:00,94076.7,94070.0,-0.0071218484491878,7.33845184568e-05,6628356.0,0.1513273299999999
2025-04-27 23:00:00,94428.0,94409.9,-0.0191680433769706,9.11949106527e-05,6608539.0,-0.07181249
2025-04-28 00:00:00,94292.3,94277.9,-0.0152716605703845,8.47044863206e-05,6605116.0,0.06446805
2025-04-28 01:00:00,94340.0,94317.9,-0.0234259062963809,8.38652414527e-05,6607539.0,0.58788098
2025-04-28 02:00:00,94367.9,94356.2,-0.0123982837384291,8.0037509756e-05,6601031.0,0.21392556
2025-04-28 03:00:00,93888.1,93875.0,-0.0139527799582756,6.38336570817e-05,6599076.0,0.13854029
2025-04-28 04:00:00,93804.3,93796.6,-0.0082085789244172,5.17803526277e-05,6601310.0,-0.02684822
2025-04-28 08:00:00,93760.9,93742.5,-0.0196243850048305,-1.27120572213e-05,6442925.0,-0.0534176099999999
2025-04-28 09:00:00,94031.5,94029.9,-0.0017015574568158,-9.5974673838e-06,6530630.0,-1.9903497
2025-04-28 10:00:00,94238.2,94235.8,-0.0025467379470259,9.2649795864e-06,6592281.0,-0.0004913799999999
2025-04-28 12:00:00,94622.6,94625.1,0.0026420749376998,5.47688152892e-05,6677837.0,-5.01062568
2025-04-28 16:00:00,95449.8,95452.4,0.0027239449427775,0.0001,6766912.0,2.41016623
2025-04-28 18:00:00,94344.6,94325.6,-0.0201389374696591,5.99043550892e-05,6728774.0,-1.77622126
2025-04-28 19:00:00,94678.0,94679.5,0.0015843173704556,3.31455053926e-05,6614876.0,-0.02949407
2025-04-28 20:00:00,93789.9,93769.7,-0.0215375003065331,1.27360030648e-05,6538893.0,-0.19130592
2025-04-28 21:00:00,93985.9,93959.4,-0.02819571871951,2.4694898526e-06,6497082.0,-0.4240968899999999
2025-04-28 22:00:00,93610.3,93586.1,-0.0258518560457525,-5.9442147616e-06,6500954.0,0.7982647
2025-04-28 23:00:00,94117.8,94098.0,-0.0210374658141211,-3.7676906348e-06,6478556.0,0.3082664
2025-04-29 00:00:00,94667.3,94644.0,-0.0246125113951733,-2.6611109413e-06,6487128.0,-0.93467421
2025-04-29 01:00:00,94526.7,94502.0,-0.026130183323862,-1.64929510267e-05,6518680.0,-0.13600106
2025-04-29 02:00:00,94400.0,94368.0,-0.0338983050847457,-3.78103314464e-05,6486904.0,0.1272248099999999
2025-04-29 03:00:00,94672.5,94650.0,-0.0237661411708785,-5.81364118326e-05,6514827.0,-0.1557382199999999
2025-04-29 04:00:00,95061.6,95052.0,-0.0100987149385301,-4.16452236786e-05,6548003.0,-0.08743689
2025-04-29 08:00:00,94456.8,94426.5,-0.032078156363547,-6.41588376198e-05,6558643.0,-0.00629413
2025-04-29 09:00:00,94713.2,94690.5,-0.023967092232125,-4.87546344083e-05,6573410.0,-0.1452731
2025-04-29 10:00:00,94309.4,94296.1,-0.0141025178826165,-4.50434834813e-05,6558034.0,-0.4187328499999999
2025-04-29 11:00:00,94680.0,94675.0,-0.0052809463455851,-3.40458650466e-05,6582836.0,1.02841942
2025-04-29 12:00:00,94902.8,94876.1,-0.0281340487319626,-2.42355864842e-05,6590173.0,0.11309923
2025-04-29 13:00:00,94836.6,94839.5,0.0030578911517222,-3.93764471524e-05,6569737.0,-1.27724427
2025-04-29 14:00:00,94926.0,94915.6,-0.0109559024924616,-4.30554788233e-05,6571071.0,-0.15202437
2025-04-29 15:00:00,94792.0,94783.9,-0.0085450248966218,-4.04574933185e-05,6576359.0,-3.03121732
2025-04-29 16:00:00,95238.0,95232.0,-0.0063000063000063,-2.77515410245e-05,6587480.0,0.8831079300000001
2025-04-29 18:00:00,94849.1,94849.1,0.0,2.1377489921e-06,6608070.0,-0.30733501
2025-04-29 19:00:00,95148.9,95136.0,-0.0135576974615515,2.17983532096e-05,6642320.0,-0.095391
2025-04-29 20:00:00,94845.1,94821.6,-0.0247772420504591,3.30673210387e-05,6630559.0,0.3356667799999999
2025-04-29 21:00:00,95309.9,95300.0,-0.0103871685942322,5.21986402091e-05,6672966.0,-1.2427367299999998
2025-04-29 22:00:00,95167.9,95150.0,-0.0188088630725214,5.4071111123e-05,6662205.0,0.80841567
2025-04-29 23:00:00,95429.6,95424.9,-0.0049250966157372,5.14405174354e-05,6665298.0,-0.32148608
2025-04-30 00:00:00,95360.4,95350.0,-0.0109059945218289,4.33700575066e-05,6664700.0,-0.36798758
2025-04-30 01:00:00,94981.7,94959.0,-0.0238993406098196,2.02939373295e-05,6654936.0,-0.3766775600000001
2025-04-30 02:00:00,94485.7,94472.6,-0.0138645318815347,2.04862523084e-05,6640287.0,0.16689506
2025-04-30 03:00:00,94092.6,94077.9,-0.0156229076463097,1.38160532773e-05,6672336.0,2.70096925
2025-04-30 04:00:00,93906.0,93875.0,-0.0330117351393947,1.38128950702e-05,6731740.0,2.12217131
2025-04-30 08:00:00,94601.9,94573.9,-0.0295977142108139,8.9578407653e-05,6775350.0,-0.1424377599999999
2025-04-30 09:00:00,94948.4,94937.9,-0.011058638165572,9.23601448511e-05,6774987.0,0.2728092599999999
2025-04-30 10:00:00,94953.3,94940.0,-0.0140068854900281,8.09952593967e-05,6787439.0,-0.30924448
2025-04-30 11:00:00,94818.0,94796.3,-0.0228859499251166,6.24422902301e-05,6781308.0,0.33017973
2025-04-30 12:00:00,94737.1,94725.0,-0.0127721874534958,5.56702074369e-05,6773729.0,-1.30612779
2025-04-30 13:00:00,94609.3,94578.1,-0.0329777305190896,3.33361005009e-05,6752514.0,0.96492351
2025-04-30 14:00:00,94878.8,94856.8,-0.0231874770760169,6.80966145902e-05,6760268.0,0.1644385099999999
2025-04-30 15:00:00,94974.0,94953.2,-0.0219007307263071,7.79016040814e-05,6758847.0,0.7009968400000001
2025-04-30 16:00:00,95078.4,95050.0,-0.0298700861604677,7.07049284606e-05,6772036.0,0.67705777
2025-04-30 18:00:00,94528.7,94499.2,-0.0312074533977511,4.97543948527e-05,6736404.0,0.1104504499999999
2025-04-30 19:00:00,93917.5,93881.2,-0.0386509436473531,7.86454096216e-05,6779693.0,0.10157893
2025-04-30 20:00:00,93850.0,93811.4,-0.041129461907305,8.91976607721e-05,6768471.0,-1.43737642
2025-04-30 21:00:00,93696.0,93650.0,-0.0490949453551912,0.0001,6756962.0,-0.2824536399999999
2025-04-30 22:00:00,93886.0,93852.0,-0.0362141320324649,0.0001,6751569.0,-0.34272574
2025-04-30 23:00:00,94180.1,94149.9,-0.0320662220575383,0.0001,6718436.0,-0.1294388399999999
2025-05-01 00:00:00,93966.2,93924.9,-0.0439519742205206,0.0001,6713652.0,-0.05624946
2025-05-01 01:00:00,94611.9,94575.0,-0.0390014363943586,0.0001,6729996.0,-0.23018803
2025-05-01 02:00:00,94663.8,94628.8,-0.0369729505893488,0.0001,6726875.0,0.1070591099999999
2025-05-01 03:00:00,94538.0,94502.3,-0.0377625928198154,7.73771853238e-05,6707097.0,0.52740278
2025-05-01 04:00:00,94157.2,94125.1,-0.0340919228694048,4.26890270525e-05,6732083.0,-3.0277467600000003
2025-05-01 07:00:00,94664.0,94629.3,-0.0366559621397755,-7.7480230963e-06,6649326.0,0.16243927
2025-05-01 08:00:00,94737.2,94696.0,-0.0434887245981484,-1.17949426705e-05,6613295.0,0.48190884
2025-05-01 09:00:00,94735.8,94706.6,-0.0308225612703931,-2.86615249556e-05,6609501.0,0.2214719299999999
2025-05-01 10:00:00,94904.7,94889.8,-0.0156999600651961,-1.67511515643e-05,6621241.0,-0.82409291
2025-05-01 11:00:00,94935.3,94910.1,-0.0265443939188026,-3.429897879e-06,6624727.0,-0.1321296899999999
2025-05-01 12:00:00,94990.0,94959.2,-0.0324244657332381,-4.6585309774e-06,6611636.0,0.20954112
2025-05-01 13:00:00,95142.7,95108.1,-0.0363664264310254,1.44988362231e-05,6603230.0,-0.0748648899999999
2025-05-01 14:00:00,95310.1,95296.4,-0.014374132437183,3.79125956568e-05,6658837.0,-1.55720709
2025-05-01 15:00:00,96227.8,96208.0,-0.0205761744527079,6.94323125863e-05,6859802.0,-0.12673018
2025-05-01 16:00:00,96034.0,96012.9,-0.0219713851344376,6.97623951304e-05,6889315.0,-1.41952837
2025-05-01 17:00:00,96434.3,96407.9,-0.0273761514316054,4.90802069386e-05,6936222.0,-0.20824913
2025-05-01 18:00:00,96526.1,96512.0,-0.0146074481409751,2.65161284903e-05,6968299.0,-0.02904954
2025-05-01 19:00:00,96393.9,96391.9,-0.0020748200871631,-7.8625101422e-06,6975330.0,-0.42282721
2025-05-01 20:00:00,96970.0,96988.1,0.0186655666701101,-7.76102625197e-05,7004180.0,-0.68907184
2025-05-01 21:00:00,97168.3,97190.4,0.0227440430675346,-6.53675732844e-05,7042086.0,-1.24076989
2025-05-01 22:00:00,97160.3,97179.9,0.0201728483753047,-6.74422474418e-05,7085457.0,-0.88886764
2025-05-01 23:00:00,96440.0,96475.9,0.0372252177519641,-2.83725167869e-05,7016095.0,-0.1209854400000001
2025-05-02 00:00:00,96529.3,96544.4,0.0156429187821638,-9.2770980936e-06,7026283.0,0.58709511
2025-05-02 01:00:00,96788.9,96786.7,-0.0022729879149335,-2.82740608726e-05,6955688.0,0.07215712
2025-05-02 02:00:00,96636.7,96646.0,0.0096236729938035,-5.50042324715e-05,6938453.0,0.16213887
2025-05-02 03:00:00,96619.4,96609.1,-0.010660384974434,-2.43892750001e-05,6912246.0,-1.01790024
2025-05-02 04:00:00,96420.5,96415.7,-0.0049781944710957,-4.8199922283e-06,6880954.0,0.4038502399999999
2025-05-02 06:00:00,96917.2,96912.0,-0.0053654046959642,7.18057263947e-05,7014332.0,-0.19455845
2025-05-02 08:00:00,97079.9,97062.2,-0.0182324044421111,9.99041733835e-05,7026794.0,-0.65019466
2025-05-02 09:00:00,97112.6,97106.0,-0.0067962344742142,8.71217320861e-05,7038027.0,0.6322300200000001
2025-05-02 10:00:00,96812.0,96796.0,-0.0165268768334504,7.71133782967e-05,7009752.0,-0.24506988
2025-05-02 11:00:00,96866.0,96857.3,-0.0089814795697118,7.7097172283e-05,7022197.0,-0.15831119
2025-05-02 12:00:00,96691.9,96685.9,-0.0062052767605145,7.16758872451e-05,7016453.0,-0.36834554
2025-05-02 13:00:00,96607.0,96625.0,0.0186321902139596,8.85837364506e-05,7018020.0,-1.71767709
2025-05-02 14:00:00,96683.3,96682.0,-0.0013445962229287,0.0001,6999125.0,0.1209831699999999
2025-05-02 15:00:00,96840.0,96840.0,0.0,0.0001,7022162.0,-1.04704511
2025-05-02 16:00:00,97010.0,97010.1,0.0001030821564847,0.0001,7034564.0,1.56234928
2025-05-02 17:00:00,96975.9,96974.8,-0.0011343024400817,0.0001,7019688.0,-0.09861217
2025-05-02 18:00:00,96962.3,96954.0,-0.0085600279696365,0.0001,7010902.0,-0.43855532
2025-05-02 19:00:00,96893.8,96886.0,-0.0080500506740399,7.66538620267e-05,6947992.0,0.01230379
2025-05-02 20:00:00,97433.9,97411.9,-0.0225794102463311,2.96459653867e-05,6994894.0,-0.12065129
2025-05-02 21:00:00,97668.4,97646.0,-0.0229347465505672,-1.22189143953e-05,6970900.0,0.14150199
2025-05-02 22:00:00,97264.9,97263.9,-0.0010281201132165,-4.48820817637e-05,6969258.0,0.32181655
2025-05-02 23:00:00,97423.9,97416.7,-0.0073903836738183,-7.85205556326e-05,6983062.0,-0.28861233
2025-05-03 00:00:00,97009.7,97001.3,-0.0086589279216348,-8.96640553604e-05,7009797.0,0.08705179
2025-05-03 01:00:00,96956.9,96954.5,-0.0024753266657599,-0.0001205780628073,7070869.0,0.1213240499999999
2025-05-03 02:00:00,97013.4,97011.7,-0.0017523352444065,-0.0001121019500768,7071415.0,-1.20208258
2025-05-03 03:00:00,96617.0,96602.4,-0.015111212312539,-0.0001021321568139,7051237.0,-0.01879591
2025-05-03 04:00:00,96742.9,96736.0,-0.007132306350124,-6.68004750243e-05,7044678.0,0.06590797
2025-05-03 06:00:00,96460.2,96450.0,-0.0105743094042901,-1.85741415139e-05,7071174.0,1.31719749
2025-05-03 08:00:00,96513.2,96514.6,0.0014505787809426,1.34691802596e-05,7061228.0,1.35768138
2025-05-03 09:00:00,96477.7,96471.8,-0.0061154028340167,-6.0399718574e-06,7084590.0,-0.24005119
2025-05-03 10:00:00,96549.9,96534.0,-0.0164681682736017,-1.27887848784e-05,7076796.0,-0.64404101
2025-05-03 11:00:00,96205.2,96166.4,-0.0403304603077618,-2.69255393376e-05,7069756.0,-0.12547377
2025-05-03 12:00:00,96243.0,96225.0,-0.0187026588946728,-2.93694151743e-05,7050732.0,0.1095638099999999
2025-05-03 13:00:00,96294.4,96270.7,-0.0246120231290678,-1.72149374728e-05,7034275.0,1.87243653
2025-05-03 14:00:00,96323.5,96300.1,-0.0242931371887381,-1.0795003918e-06,7034888.0,-0.26533601
2025-05-03 15:00:00,96226.5,96197.4,-0.0302411497872268,-1.4335580889e-06,7026838.0,-0.02661837
2025-05-03 16:00:00,95936.1,95905.4,-0.0320004669775107,-3.6780361903e-06,7016546.0,-1.89401478
2025-05-03 17:00:00,96123.7,96099.9,-0.0247597626807987,2.58480433499e-05,6980892.0,0.19014267
2025-05-03 18:00:00,96234.9,96205.5,-0.0305502473634764,2.01787265448e-05,6987131.0,0.1074238399999999
2025-05-03 19:00:00,96363.9,96333.9,-0.0311319902992718,4.9130203792e-06,7000700.0,0.1536475
2025-05-03 20:00:00,96423.9,96397.3,-0.0275865215988891,-1.78426754134e-05,6983226.0,0.18987364
2025-05-03 21:00:00,96282.0,96256.0,-0.0270040090567291,-5.2486009112e-05,6990666.0,0.08086024
2025-05-03 22:00:00,95971.1,95934.0,-0.038657470842791,-6.25783774247e-05,6927951.0,-0.50477555
2025-05-03 23:00:00,96155.8,96121.9,-0.035255283612646,-4.98978790937e-05,6928465.0,-0.24250914
2025-05-04 00:00:00,96246.4,96217.9,-0.0296114971572962,-4.32037958961e-05,6931682.0,-0.12885885
2025-05-04 01:00:00,96377.9,96345.8,-0.0333063907804499,-3.53195094912e-05,6926212.0,-0.41190076
2025-05-04 02:00:00,96338.4,96307.2,-0.032385839914299,-1.50959529963e-05,6917441.0,0.1204270799999999
2025-05-04 03:00:00,96225.6,96196.1,-0.0306571224289586,2.9609588928e-06,6937284.0,0.07279388
2025-05-04 04:00:00,96161.8,96140.3,-0.0223581505337878,4.78707452375e-05,6941562.0,-2.11167922
2025-05-04 07:00:00,96105.9,96076.0,-0.0311115134450581,6.84869349276e-05,6840704.0,-0.19415436
2025-05-04 08:00:00,95771.6,95752.1,-0.020360942074686,3.19049262438e-05,6854030.0,1.17955245
2025-05-04 09:00:00,95929.3,95898.2,-0.032419709098269,3.58883757716e-05,6845969.0,-0.29315207
2025-05-04 10:00:00,95848.0,95809.3,-0.0403764293464622,3.12721483586e-05,6854478.0,0.9645883
2025-05-04 11:00:00,95949.9,95924.7,-0.0262637063717597,4.35731999565e-05,6792413.0,-0.50138214
2025-05-04 12:00:00,95995.3,95964.8,-0.0317723888565377,4.86520727387e-05,6774885.0,0.1560493399999999
2025-05-04 13:00:00,95670.2,95633.9,-0.0379428494975477,3.13066114412e-05,6739507.0,-0.02483523
2025-05-04 14:00:00,95602.4,95559.6,-0.0447687505752871,3.23663843489e-05,6716044.0,-0.14889741
2025-05-04 15:00:00,95372.1,95322.0,-0.0525310861352594,1.24110501532e-05,6722373.0,-0.01444619
2025-05-04 16:00:00,95536.1,95486.0,-0.0524409097712862,1.19945316601e-05,6705340.0,0.0393508
2025-05-04 17:00:00,95543.9,95493.9,-0.0523319646780171,4.744315127e-06,6710306.0,0.32958705
2025-05-04 18:00:00,95350.7,95299.0,-0.0542208919284253,-1.8793407047e-06,6705667.0,-0.02965878
2025-05-04 19:00:00,95543.6,95488.0,-0.0581933274442305,-3.7940438265e-06,6705005.0,0.0275545099999999
2025-05-04 20:00:00,95560.1,95518.8,-0.0432188748232817,-2.921441243e-06,6710117.0,-0.16716494
2025-05-04 21:00:00,95498.4,95456.0,-0.0443986496108774,-1.09946926933e-05,6695771.0,0.14681358
2025-05-04 22:00:00,95384.2,95349.4,-0.0364840298498104,-1.12457565944e-05,6687029.0,-0.09211718
2025-05-04 23:00:00,95432.0,95398.0,-0.0356274624863777,-2.32906738881e-05,6687918.0,-0.58274082
2025-05-05 00:00:00,95410.3,95382.5,-0.029137315363229,-3.49986453394e-05,6690973.0,-0.15729523
2025-05-05 01:00:00,95661.8,95628.9,-0.0343919934603036,-1.9368153407e-05,6668460.0,-0.23751528
2025-05-05 02:00:00,95661.9,95631.2,-0.0320921913530852,-2.73552575583e-05,6659938.0,0.38116013
2025-05-05 03:00:00,95200.1,95168.0,-0.0337184519764221,-2.24658259123e-05,6672014.0,0.1239405199999999
2025-05-05 04:00:00,94664.0,94620.1,-0.0463745457618463,-3.0465819272e-05,6798681.0,0.51900706
2025-05-05 06:00:00,93980.1,93946.0,-0.0362842772033715,-2.12581477853e-05,6749122.0,-0.03077005
2025-05-05 08:00:00,94190.1,94160.7,-0.0312134714794959,-2.6892929592e-06,6776964.0,-0.1541307499999999
2025-05-05 09:00:00,94324.7,94283.2,-0.043996959439044,3.14422069806e-05,6791907.0,-1.37513787
2025-05-05 10:00:00,94416.0,94372.6,-0.0459667852906225,4.87278914667e-05,6807419.0,-0.1054732199999999
2025-05-05 11:00:00,94673.1,94618.0,-0.058200270192912,5.08129587933e-05,6804482.0,0.4734497499999999
2025-05-05 12:00:00,94648.0,94600.0,-0.0507142253402079,3.87105368781e-05,6794932.0,0.3745834799999999
2025-05-05 13:00:00,94545.2,94497.1,-0.0508751369715133,2.00717258814e-05,6783342.0,-0.9337565
2025-05-05 14:00:00,94617.1,94573.5,-0.0460804653704307,1.77163272047e-05,6797289.0,1.05469466
2025-05-05 15:00:00,94401.4,94351.9,-0.0524356630304211,2.5582834452e-06,6701800.0,-0.67577588
2025-05-05 16:00:00,94239.4,94196.5,-0.0455223611355698,5.1880350235e-06,6696584.0,-0.96778844
2025-05-05 17:00:00,94283.8,94238.3,-0.0482585555524915,1.7721014286e-05,6727237.0,3.05739125
2025-05-05 18:00:00,94085.2,94030.7,-0.0579262200643671,2.17894043442e-05,6707725.0,-0.2995237500000001
2025-05-05 19:00:00,93896.4,93850.0,-0.049416165049985,4.62489022929e-05,6740381.0,-0.1213486799999999
2025-05-05 20:00:00,93908.9,93847.9,-0.0649565696116129,6.14941836917e-05,6732550.0,-0.01312754
2025-05-05 21:00:00,94187.9,94139.3,-0.051598984582936,6.10856474104e-05,6758065.0,0.22636245
2025-05-05 22:00:00,94197.9,94145.5,-0.0556275670688987,7.55652081666e-05,6742584.0,-0.10305305
2025-05-05 23:00:00,94572.0,94512.8,-0.0625978090766792,8.87505190988e-05,6737684.0,-0.26892453
2025-05-06 00:00:00,94895.4,94850.6,-0.0472098752942591,7.82214484732e-05,6707577.0,-0.0995819899999999
2025-05-06 01:00:00,94211.6,94166.9,-0.0474463866445444,6.51205363366e-05,6706003.0,-0.0555743199999999
2025-05-06 02:00:00,94591.2,94528.9,-0.0658623635179624,6.83119682509e-05,6702056.0,-0.0328341499999999
2025-05-06 03:00:00,94886.1,94837.2,-0.0515354725297053,6.60707244263e-05,6707322.0,-0.05048719
2025-05-06 04:00:00,95039.3,94975.4,-0.0672353436946702,5.17333029861e-05,6689843.0,0.0713138699999999
2025-05-06 06:00:00,94383.4,94319.3,-0.0679144849623887,4.12170882291e-05,6676087.0,-3.19989052
2025-05-06 08:00:00,94290.2,94245.5,-0.0474068354929749,4.00947682375e-05,6629872.0,0.10375265
2025-05-06 09:00:00,94560.7,94502.0,-0.0620765286212952,6.50871755303e-05,6651817.0,-0.0409114
2025-05-06 10:00:00,94371.9,94310.0,-0.0655915585041672,7.21429657817e-05,6631169.0,7.74583639
2025-05-06 11:00:00,94390.0,94321.1,-0.0729950206589619,7.01818473624e-05,6629057.0,-0.84176173
2025-05-06 12:00:00,94460.0,94392.0,-0.0719881431293669,4.92423030184e-05,6615335.0,-0.57414517
2025-05-06 13:00:00,94109.9,94052.5,-0.0609925204468331,2.17733006981e-05,6606281.0,-0.61802413
2025-05-06 14:00:00,94164.1,94112.0,-0.0553289417092138,3.29291542747e-05,6609615.0,0.20344583
2025-05-06 15:00:00,94298.2,94238.0,-0.063840030880756,5.63371696164e-05,6603070.0,0.17893235
2025-05-06 16:00:00,94017.5,93968.0,-0.052649772648709,5.95423961396e-05,6634122.0,0.1137926599999999
2025-05-06 17:00:00,94051.9,93988.9,-0.0669842927149797,8.1606428701e-05,6651693.0,0.42515097
2025-05-06 18:00:00,93760.0,93702.0,-0.0618600682593856,8.8847536406e-05,6650756.0,-0.91499479
2025-05-06 19:00:00,94627.9,94563.5,-0.0680560384410878,0.0001,6703493.0,0.0012868099999999
2025-05-06 20:00:00,94549.2,94486.1,-0.0667377407741062,9.45876258328e-05,6727882.0,0.07039881
2025-05-06 21:00:00,94469.9,94425.8,-0.0466815356002189,6.13365985177e-05,6733623.0,-1.06142052
2025-05-06 22:00:00,94598.1,94546.3,-0.0547579708260556,5.23946909265e-05,6743685.0,0.06575141
2025-05-06 23:00:00,94886.0,94836.0,-0.0526948127226355,4.69336343127e-05,6747508.0,0.5049455300000001
2025-05-07 00:00:00,95083.9,95036.0,-0.05037656217298,4.14292056461e-05,6740626.0,-1.06842199
2025-05-07 01:00:00,94870.2,94816.0,-0.0571306901429501,1.06051086193e-05,6679309.0,-0.02021325
2025-05-07 02:00:00,94657.9,94607.9,-0.0528217930040704,-6.5667616594e-06,6678796.0,-0.09519448
2025-05-07 03:00:00,95459.9,95420.1,-0.0416928993221115,7.5652777155e-06,6742400.0,0.2141253
2025-05-07 04:00:00,96388.4,96340.6,-0.04959102962595951,3.66441033826e-05,6728170.0,-0.19174963
